occurrenceId,verbatimScientificName,scientificName,key,matchType,confidence,status,rank,kingdom,phylum,class,order,family,genus,species,canonicalName,authorship
,Calamyzas amphictenicola,"Calamyzas amphictenicola Arwidsson, 1932",2309421,EXACT,98,ACCEPTED,SPECIES,Animalia,Annelida,Polychaeta,Phyllodocida,Chrysopetalidae,Calamyzas,Calamyzas amphictenicola,Calamyzas amphictenicola,"Arwidsson, 1932"
,Capitella capitata,"Capitella capitata (Fabricius, 1780)",2318015,EXACT,98,ACCEPTED,SPECIES,Animalia,Annelida,Polychaeta,,Capitellidae,Capitella,Capitella capitata,Capitella capitata," (Fabricius, 1780)"
,Capitellides giardi,"Capitellides giardi Mesnil, 1897",5197104,EXACT,98,SYNONYM,SPECIES,Animalia,Annelida,Polychaeta,,Capitellidae,Capitella,Capitella giardi,Capitellides giardi,"Mesnil, 1897"
,Caulleriella bioculata,"Caulleriella bioculata (Keferstein, 1862)",2324144,EXACT,98,ACCEPTED,SPECIES,Animalia,Annelida,Polychaeta,,Cirratulidae,Caulleriella,Caulleriella bioculata,Caulleriella bioculata," (Keferstein, 1862)"
,Caulleriella killariensis,"Caulleriella killariensis (Southern, 1914)",2324157,EXACT,98,SYNONYM,SPECIES,Animalia,Annelida,Polychaeta,,Cirratulidae,Tharyx,Tharyx killariensis,Caulleriella killariensis," (Southern, 1914)"
,Caulleriella serrata,"Caulleriella serrata Eliason, 1962",2324189,EXACT,98,SYNONYM,SPECIES,Animalia,Annelida,Polychaeta,,Cirratulidae,Kirkegaardia,Kirkegaardia serrata,Caulleriella serrata,"Eliason, 1962"
,Ceratocephale loveni,"Ceratocephale loveni Malmgren, 1867",5196529,EXACT,98,ACCEPTED,SPECIES,Animalia,Annelida,Polychaeta,Phyllodocida,Nereididae,Ceratocephale,Ceratocephale loveni,Ceratocephale loveni,"Malmgren, 1867"
,Cernosvitoviella atrata,"Cernosvitoviella atrata (Bretscher, 1903)",2308346,EXACT,98,ACCEPTED,SPECIES,Animalia,Annelida,Clitellata,Enchytraeida,Enchytraeidae,Cernosvitoviella,Cernosvitoviella atrata,Cernosvitoviella atrata," (Bretscher, 1903)"
,Cernosvitoviella carpatica,"Cernosvitoviella carpatica Nielsen & Christensen, 1959",4409938,EXACT,98,ACCEPTED,SPECIES,Animalia,Annelida,Clitellata,Enchytraeida,Enchytraeidae,Cernosvitoviella,Cernosvitoviella carpatica,Cernosvitoviella carpatica,"Nielsen & Christensen, 1959"
,Chaetogaster cristallinus,"Chaetogaster cristallinus Vejdovský, 1884",5194016,EXACT,98,ACCEPTED,SPECIES,Animalia,Annelida,Clitellata,Haplotaxida,Naididae,Chaetogaster,Chaetogaster cristallinus,Chaetogaster cristallinus,"Vejdovský, 1884"
,Chaetogaster diaphanus,"Chaetogaster diaphanus (Gruithuisen, 1828)",5194017,EXACT,98,ACCEPTED,SPECIES,Animalia,Annelida,Clitellata,Haplotaxida,Naididae,Chaetogaster,Chaetogaster diaphanus,Chaetogaster diaphanus," (Gruithuisen, 1828)"
,Chaetogaster diastrophus,"Chaetogaster diastrophus (Gruithuisen, 1828)",5194015,EXACT,98,ACCEPTED,SPECIES,Animalia,Annelida,Clitellata,Haplotaxida,Naididae,Chaetogaster,Chaetogaster diastrophus,Chaetogaster diastrophus," (Gruithuisen, 1828)"
,Chaetogaster langi,"Chaetogaster langi Bretscher, 1896",5716171,EXACT,98,ACCEPTED,SPECIES,Animalia,Annelida,Clitellata,Haplotaxida,Naididae,Chaetogaster,Chaetogaster langi,Chaetogaster langi,"Bretscher, 1896"
,Chaetogaster limnaei,"Chaetogaster limnaei von Baer, 1827",5194023,EXACT,98,ACCEPTED,SPECIES,Animalia,Annelida,Clitellata,Haplotaxida,Naididae,Chaetogaster,Chaetogaster limnaei,Chaetogaster limnaei,"von Baer, 1827"
,Chaetoparia nilssoni,"Chaetoparia nilssoni Malmgren, 1867",2312315,EXACT,98,ACCEPTED,SPECIES,Animalia,Annelida,Polychaeta,Phyllodocida,Phyllodocidae,Chaetoparia,Chaetoparia nilssoni,Chaetoparia nilssoni,"Malmgren, 1867"
,Chaetopterus norvegicus,"Chaetopterus norvegicus M.Sars, 1835",5197915,EXACT,98,ACCEPTED,SPECIES,Animalia,Annelida,Polychaeta,,Chaetopteridae,Chaetopterus,Chaetopterus norvegicus,Chaetopterus norvegicus,"M.Sars, 1835"
,Chaetopterus sarsi,"Chaetopterus sarsii (Renier, 1804), 2020",10837036,FUZZY,94,ACCEPTED,SPECIES,Animalia,Annelida,Polychaeta,,Chaetopteridae,Chaetopterus,Chaetopterus sarsii,Chaetopterus sarsii,", 2020 (Renier, 1804)"
,Chaetozone setosa,"Chaetozone setosa Malmgren, 1867",2323974,EXACT,98,ACCEPTED,SPECIES,Animalia,Annelida,Polychaeta,,Cirratulidae,Chaetozone,Chaetozone setosa,Chaetozone setosa,"Malmgren, 1867"
